filename,width,height,class,xmin,ymin,xmax,ymax
Misc_104.png,418,388,Target,66,121,99,134
newaug_362.png,341,232,Target,19,29,34,41
newaug_404.png,300,209,Target,14,135,27,144
Misc_110.png,329,202,Target,158,6,168,13
Misc_138.png,256,200,Target,158,97,170,101
newaug_389.png,320,240,Target,119,101,126,106
aug_misc_228.png,210,304,Target,127,182,139,197
aug_misc_200.png,273,335,Target,134,159,158,181
aug_misc_214.png,218,311,Target,63,78,79,102
aug_misc_214.png,218,311,Target,141,258,159,285
aug_misc_348.png,202,311,Target,72,124,92,153
Misc_272.png,314,221,Target,105,62,109,66
Misc_266.png,316,209,Target,140,108,145,113
aug_misc_412.png,222,338,Target,136,176,158,192
aug_misc_374.png,226,332,Target,22,75,40,95
aug_misc_360.png,213,308,Target,71,247,91,267
newaug_68.png,294,188,Target,158,38,184,53
aug_misc_406.png,204,333,Target,124,9,147,43
newaug_83.png,289,200,Target,31,35,46,46
newaug_97.png,332,213,Target,144,128,152,136
Misc_43.png,296,194,Target,115,81,119,84
newaug_216.png,436,348,Target,276,180,281,187
newaug_216.png,436,348,Target,303,108,308,114
Misc_57.png,255,201,Target,120,16,123,18
aug_misc_176.png,192,325,Target,85,5,105,23
aug_misc_162.png,217,300,Target,195,168,213,183
aug_misc_189.png,194,300,Target,63,130,95,166
Misc_80.png,333,294,Target,25,161,34,168
Misc_94.png,328,235,Target,138,102,150,110
Misc_95.png,283,185,Target,127,12,136,18
aug_misc_188.png,196,301,Target,87,133,110,151
Misc_81.png,332,282,Target,131,141,139,143
aug_misc_163.png,207,310,Target,170,169,200,201
aug_misc_177.png,184,312,Target,47,137,69,158
Misc_56.png,241,159,Target,174,80,181,83
Misc_42.png,304,196,Target,157,126,163,130
newaug_69.png,336,245,Target,1,168,8,178
aug_misc_361.png,179,262,Target,7,65,21,82
aug_misc_361.png,179,262,Target,79,1,93,10
aug_misc_361.png,179,262,Target,147,70,162,86
aug_misc_361.png,179,262,Target,84,82,100,98
aug_misc_361.png,179,262,Target,71,136,87,152
aug_misc_361.png,179,262,Target,93,177,109,195
aug_misc_407.png,209,300,Target,173,245,184,257
aug_misc_413.png,261,377,Target,103,11,127,26
aug_misc_375.png,169,269,Target,44,23,58,40
Misc_267.png,316,210,Target,167,124,179,133
Misc_273.png,209,157,Target,72,78,78,84
aug_misc_349.png,182,321,Target,1,134,20,158
aug_misc_215.png,240,352,Target,97,161,123,186
aug_misc_215.png,240,352,Target,82,100,107,126
aug_misc_215.png,240,352,Target,103,132,122,153
aug_misc_215.png,240,352,Target,87,127,108,150
newaug_149.png,303,200,Target,74,32,85,39
aug_misc_201.png,307,306,Target,277,87,297,109
aug_misc_229.png,186,298,Target,125,212,145,231
newaug_175.png,302,270,Target,70,98,84,108
Misc_139.png,256,200,Target,144,143,148,145
Misc_111.png,325,220,Target,140,111,152,122
newaug_405.png,257,257,Target,78,158,96,172
Misc_105.png,329,215,Target,275,156,282,163
Misc_105.png,329,215,Target,121,138,129,145
newaug_377.png,318,231,Target,92,30,99,37
Misc_113.png,292,190,Target,173,90,185,96
newaug_361.png,262,179,Target,63,12,68,17
newaug_361.png,262,179,Target,69,172,75,176
newaug_361.png,262,179,Target,84,101,91,107
newaug_361.png,262,179,Target,150,87,155,92
newaug_361.png,262,179,Target,198,111,205,117
Misc_107.png,297,220,Target,157,129,168,135
aug_misc_99.png,221,321,Target,184,269,201,285
aug_misc_99.png,221,321,Target,189,283,208,302
newaug_177.png,312,184,Target,239,70,246,76
aug_misc_217.png,187,304,Target,161,170,181,193
aug_misc_203.png,209,302,Target,188,242,198,256
newaug_188.png,301,196,Target,180,33,189,42
Misc_265.png,318,209,Target,186,107,192,113
Misc_271.png,251,169,Target,156,26,160,30
aug_misc_405.png,257,257,Target,126,129,152,154
aug_misc_363.png,168,263,Target,39,110,56,126
Misc_259.png,254,162,Target,120,150,127,156
aug_misc_377.png,231,318,Target,25,61,43,80
aug_misc_411.png,263,343,Target,206,318,227,336
aug_misc_388.png,200,314,Target,57,125,78,147
Misc_54.png,303,198,Target,166,77,173,83
newaug_215.png,352,240,Target,64,85,79,96
newaug_215.png,352,240,Target,95,90,112,101
newaug_215.png,352,240,Target,137,102,153,114
newaug_215.png,352,240,Target,101,105,116,115
Misc_40.png,135,96,Target,58,67,60,69
aug_misc_149.png,200,303,Target,41,153,61,171
aug_misc_161.png,261,345,Target,35,222,57,248
Misc_68.png,305,213,Target,159,59,161,62
aug_misc_175.png,270,302,Target,103,151,132,174
Misc_97.png,286,206,Target,231,36,235,39
Misc_83.png,212,254,Target,62,111,64,113
Misc_82.png,302,307,Target,209,40,218,44
Misc_96.png,291,215,Target,146,113,161,122
aug_misc_174.png,204,280,Target,106,119,127,142
aug_misc_160.png,187,297,Target,30,169,48,188
Misc_69.png,320,256,Target,277,69,286,73
newaug_200.png,335,273,Target,118,152,141,173
Misc_41.png,304,199,Target,42,17,50,21
aug_misc_148.png,284,281,Target,264,54,283,76
newaug_214.png,311,218,Target,55,82,66,89
newaug_214.png,311,218,Target,295,177,305,184
Misc_55.png,305,208,Target,191,78,196,82
aug_misc_389.png,240,320,Target,97,135,114,152
newaug_81.png,337,211,Target,106,163,134,178
newaug_95.png,390,290,Target,55,100,66,109
aug_misc_376.png,180,283,Target,10,159,30,176
aug_misc_410.png,256,320,Target,89,23,101,34
aug_misc_404.png,209,300,Target,76,86,92,103
aug_misc_404.png,209,300,Target,130,208,146,226
Misc_258.png,252,161,Target,228,21,231,24
aug_misc_362.png,232,341,Target,31,68,52,90
Misc_270.png,253,159,Target,70,68,75,73
Misc_264.png,254,172,Target,150,115,155,117
newaug_189.png,300,194,Target,206,55,234,68
aug_misc_202.png,241,282,Target,39,21,61,46
aug_misc_216.png,348,436,Target,105,305,124,322
aug_misc_216.png,348,436,Target,176,282,196,299
newaug_176.png,325,192,Target,2,79,7,85
aug_misc_98.png,182,283,Target,111,223,125,245
Misc_106.png,306,210,Target,250,121,262,134
newaug_412.png,338,222,Target,202,167,211,173
Misc_112.png,298,189,Target,127,93,134,95
newaug_358.png,371,292,Target,228,114,240,124
newaug_364.png,320,240,Target,126,10,132,18
Misc_116.png,291,196,Target,153,145,157,148
newaug_416.png,320,240,Target,170,36,175,40
newaug_416.png,320,240,Target,200,170,203,175
Misc_102.png,308,205,Target,172,37,188,43
newaug_370.png,329,236,Target,121,73,134,82
aug_misc_88.png,240,320,Target,64,142,76,157
aug_misc_212.png,232,283,Target,109,139,125,160
aug_misc_206.png,252,322,Target,109,25,128,45
newaug_166.png,302,200,Target,163,21,169,29
aug_misc_366.png,207,294,Target,108,116,130,139
aug_misc_400.png,180,300,Target,33,3,49,20
aug_misc_414.png,152,273,Target,130,248,152,268
aug_misc_372.png,261,313,Target,115,179,136,202
Misc_248.png,278,183,Target,163,31,168,38
Misc_260.png,292,203,Target,138,78,142,82
Misc_274.png,209,157,Target,69,41,72,44
aug_misc_399.png,193,295,Target,11,182,27,202
aug_misc_164.png,238,352,Target,13,130,33,150
aug_misc_170.png,186,285,Target,113,77,136,95
Misc_79.png,407,272,Target,190,62,194,65
Misc_51.png,294,195,Target,143,78,148,80
aug_misc_158.png,154,249,Target,30,121,47,142
Misc_45.png,298,189,Target,186,99,199,113
Misc_92.png,363,212,Target,137,66,150,70
Misc_86.png,305,207,Target,93,22,108,27
Misc_87.png,294,188,Target,137,58,152,67
Misc_93.png,313,222,Target,165,120,174,126
Misc_44.png,311,197,Target,155,87,160,98
newaug_211.png,302,202,Target,114,115,121,120
Misc_50.png,319,192,Target,122,70,126,75
aug_misc_159.png,183,304,Target,2,46,20,71
aug_misc_159.png,183,304,Target,32,280,52,304
aug_misc_171.png,187,297,Target,37,108,62,126
Misc_78.png,336,245,Target,63,178,71,182
newaug_239.png,334,225,Target,6,210,13,214
newaug_239.png,334,225,Target,58,99,64,104
aug_misc_165.png,210,341,Target,80,137,107,158
newaug_84.png,269,197,Target,178,32,214,56
aug_misc_398.png,271,396,Target,233,130,268,198
newaug_90.png,352,241,Target,136,142,146,150
newaug_90.png,352,241,Target,152,129,160,135
newaug_90.png,352,241,Target,151,149,159,157
Misc_275.png,251,174,Target,104,16,109,21
Misc_275.png,251,174,Target,85,142,91,148
Misc_275.png,251,174,Target,95,138,101,145
Misc_261.png,303,183,Target,270,69,280,78
aug_misc_415.png,240,320,Target,86,136,113,158
Misc_249.png,299,235,Target,225,69,233,74
Misc_249.png,299,235,Target,181,82,189,88
Misc_249.png,299,235,Target,184,89,194,95
aug_misc_373.png,209,362,Target,106,111,124,118
aug_misc_373.png,209,362,Target,104,101,128,110
aug_misc_367.png,231,329,Target,25,296,47,315
aug_misc_401.png,206,298,Target,136,151,157,170
newaug_167.png,302,209,Target,8,128,12,134
aug_misc_207.png,184,276,Target,116,192,133,216
aug_misc_213.png,222,311,Target,124,151,140,170
aug_misc_89.png,240,320,Target,123,159,136,172
Misc_103.png,364,230,Target,169,31,192,54
newaug_417.png,323,219,Target,1,55,4,61
Misc_117.png,275,164,Target,123,65,129,68
newaug_403.png,266,166,Target,127,50,139,61
newaug_359.png,308,217,Target,43,99,63,110
Misc_129.png,337,211,Target,113,107,123,111
newaug_373.png,362,209,Target,55,112,60,119
newaug_373.png,362,209,Target,62,111,70,118
Misc_101.png,298,282,Target,157,160,163,164
Misc_115.png,298,186,Target,140,76,147,82
aug_misc_205.png,219,219,Target,43,105,57,117
aug_misc_211.png,202,302,Target,110,158,125,174
aug_misc_239.png,225,334,Target,88,112,103,129
aug_misc_239.png,225,334,Target,192,73,206,90
aug_misc_239.png,225,334,Target,204,122,219,137
aug_misc_371.png,240,274,Target,97,195,120,229
aug_misc_417.png,219,323,Target,44,31,73,54
aug_misc_417.png,219,323,Target,201,2,219,18
aug_misc_403.png,166,266,Target,31,80,48,95
aug_misc_403.png,166,266,Target,77,196,88,212
aug_misc_403.png,166,266,Target,84,194,97,211
aug_misc_365.png,237,237,Target,192,99,211,113
Misc_277.png,253,171,Target,158,85,166,92
Misc_277.png,253,171,Target,51,92,58,98
Misc_277.png,253,171,Target,240,40,248,49
aug_misc_359.png,217,308,Target,100,117,127,145
Misc_263.png,251,169,Target,119,80,125,82
Misc_288.png,320,240,Target,148,69,152,73
newaug_92.png,303,202,Target,3,121,38,133
aug_misc_173.png,205,251,Target,108,16,133,35
aug_misc_167.png,209,302,Target,121,40,142,58
Misc_46.png,289,200,Target,141,80,146,85
newaug_213.png,311,222,Target,190,126,197,132
Misc_52.png,301,210,Target,152,190,158,193
Misc_85.png,245,186,Target,37,25,43,31
aug_misc_198.png,181,283,Target,14,83,33,107
Misc_91.png,269,197,Target,163,117,175,126
aug_misc_199.png,246,359,Target,102,312,121,332
Misc_90.png,304,212,Target,88,55,105,69
Misc_84.png,303,202,Target,116,122,132,126
Misc_53.png,390,290,Target,159,122,170,131
Misc_53.png,390,290,Target,109,95,122,106
Misc_47.png,282,215,Target,141,89,142,91
newaug_206.png,322,252,Target,41,111,49,117
aug_misc_166.png,200,302,Target,16,115,41,140
aug_misc_172.png,315,331,Target,248,302,272,324
newaug_87.png,253,171,Target,68,109,76,115
newaug_87.png,253,171,Target,208,101,215,108
Misc_289.png,320,240,Target,163,127,166,130
Misc_262.png,301,205,Target,195,58,203,64
aug_misc_358.png,292,371,Target,123,200,146,227
Misc_276.png,352,241,Target,204,147,211,153
Misc_276.png,352,241,Target,205,129,215,138
Misc_276.png,352,241,Target,193,139,205,150
aug_misc_402.png,233,263,Target,100,181,111,193
aug_misc_364.png,240,320,Target,4,94,21,112
aug_misc_370.png,236,329,Target,63,125,88,160
aug_misc_416.png,240,320,Target,47,138,65,153
aug_misc_416.png,240,320,Target,165,159,186,174
newaug_164.png,352,238,Target,190,13,198,17
aug_misc_238.png,223,296,Target,129,91,139,103
newaug_170.png,285,186,Target,1,130,6,134
aug_misc_210.png,289,292,Target,200,26,223,47
aug_misc_204.png,236,254,Target,153,42,169,56
Misc_114.png,283,182,Target,231,119,237,121
newaug_372.png,313,261,Target,278,114,297,126
Misc_100.png,332,213,Target,173,109,176,114
Misc_128.png,318,229,Target,40,19,47,21
aug_misc_12.png,243,326,Target,56,65,83,95
newaug_315.png,298,215,Target,196,205,206,215
Misc_167.png,282,184,Target,11,114,14,117
Misc_173.png,339,232,Target,298,144,301,146
newaug_301.png,323,353,Target,167,41,177,48
newaug_301.png,323,353,Target,93,66,102,72
newaug_329.png,336,231,Target,327,30,334,37
aug_misc_2.png,238,280,Target,107,160,134,188
Misc_198.png,301,194,Target,18,69,23,74
newaug_117.png,215,211,Target,59,90,70,100
aug_misc_263.png,212,294,Target,70,170,87,189
aug_misc_277.png,249,249,Target,135,60,151,76
aug_misc_288.png,205,307,Target,47,132,69,152
Misc_211.png,351,231,Target,277,34,284,41
Misc_211.png,351,231,Target,251,212,259,221
Misc_205.png,303,195,Target,28,64,32,68
aug_misc_317.png,280,280,Target,130,130,163,166
aug_misc_303.png,205,303,Target,18,168,35,180
Misc_239.png,274,176,Target,67,80,75,89
Misc_20.png,302,274,Target,99,162,102,166
aug_misc_129.png,193,284,Target,63,204,88,232
Misc_34.png,319,240,Target,208,90,222,98
newaug_275.png,275,195,Target,168,166,174,171
aug_misc_115.png,217,340,Target,107,98,127,124
aug_misc_101.png,291,291,Target,203,120,222,143
aug_misc_101.png,291,291,Target,244,70,264,91
newaug_249.png,271,180,Target,101,73,114,80
aug_misc_100.png,181,252,Target,26,76,41,91
aug_misc_100.png,181,252,Target,32,2,52,13
newaug_248.png,284,208,Target,197,129,203,135
aug_misc_114.png,202,290,Target,64,106,82,127
newaug_274.png,254,164,Target,1,77,7,81
Misc_35.png,320,255,Target,149,92,151,94
newaug_260.png,376,301,Target,123,13,129,19
Misc_21.png,215,211,Target,124,96,127,100
aug_misc_128.png,211,306,Target,2,210,20,237
Misc_238.png,354,237,Target,191,34,194,36
aug_misc_302.png,196,316,Target,26,121,47,140
aug_misc_316.png,171,256,Target,77,96,98,115
Misc_204.png,340,217,Target,109,116,112,119
Misc_210.png,290,202,Target,113,72,117,75
aug_misc_289.png,161,233,Target,19,34,35,52
aug_misc_276.png,203,307,Target,83,86,104,108
aug_misc_262.png,214,305,Target,155,15,176,34
Misc_199.png,301,213,Target,79,90,85,94
newaug_328.png,241,170,Target,105,35,115,42
aug_misc_3.png,200,256,Target,90,155,108,179
Misc_172.png,312,204,Target,266,49,273,56
Misc_172.png,312,204,Target,14,15,22,22
newaug_314.png,293,229,Target,158,120,172,128
aug_misc_13.png,223,342,Target,39,256,64,287
aug_misc_13.png,223,342,Target,95,142,122,176
Misc_166.png,288,181,Target,270,74,273,77
newaug_302.png,316,196,Target,116,43,123,49
Misc_170.png,275,178,Target,239,24,243,30
Misc_170.png,275,178,Target,190,155,197,161
Misc_164.png,280,168,Target,131,33,133,36
aug_misc_11.png,221,314,Target,54,97,72,116
aug_misc_39.png,159,253,Target,62,64,77,81
aug_misc_1.png,202,289,Target,90,135,109,152
Misc_158.png,307,193,Target,216,67,219,70
aug_misc_248.png,208,284,Target,124,198,143,216
newaug_100.png,252,181,Target,14,8,23,18
newaug_114.png,290,202,Target,30,43,50,58
aug_misc_274.png,164,254,Target,74,17,90,35
aug_misc_260.png,301,376,Target,29,140,53,164
Misc_206.png,359,249,Target,345,26,348,29
aug_misc_328.png,170,241,Target,64,120,78,135
Misc_212.png,300,192,Target,159,77,163,82
aug_misc_300.png,317,301,Target,194,14,229,38
Misc_8.png,245,245,Target,123,138,127,139
aug_misc_314.png,229,293,Target,115,98,137,125
Misc_37.png,320,255,Target,124,130,126,132
Misc_23.png,200,150,Target,106,77,108,79
aug_misc_102.png,174,187,Target,79,14,92,25
aug_misc_116.png,237,354,Target,24,179,49,210
newaug_289.png,233,161,Target,34,18,39,22
aug_misc_117.png,211,215,Target,83,114,109,136
aug_misc_103.png,220,335,Target,7,147,23,165
Misc_22.png,256,239,Target,19,135,21,137
newaug_263.png,294,212,Target,257,93,263,100
Misc_36.png,320,255,Target,214,218,215,220
newaug_277.png,249,249,Target,59,197,69,203
Misc_9.png,256,200,Target,158,137,161,139
aug_misc_315.png,215,298,Target,195,116,215,132
aug_misc_301.png,353,323,Target,54,124,75,141
Misc_213.png,300,279,Target,26,10,33,16
aug_misc_329.png,231,336,Target,18,295,40,318
Misc_207.png,344,223,Target,265,48,270,53
Misc_207.png,344,223,Target,300,210,308,217
aug_misc_261.png,349,439,Target,151,287,187,313
aug_misc_275.png,195,275,Target,155,180,169,195
aug_misc_249.png,180,271,Target,83,135,102,157
newaug_101.png,291,291,Target,23,244,34,254
newaug_101.png,291,291,Target,102,179,115,192
Misc_159.png,299,177,Target,151,55,155,58
aug_misc_38.png,172,254,Target,110,145,122,163
Misc_165.png,300,213,Target,162,190,164,192
aug_misc_10.png,209,316,Target,100,129,120,153
newaug_303.png,303,205,Target,179,12,186,20
Misc_171.png,313,213,Target,70,194,75,197
Misc_149.png,297,187,Target,177,39,180,42
aug_misc_28.png,220,297,Target,122,149,141,178
aug_misc_4.png,202,329,Target,2,149,18,185
Misc_175.png,304,183,Target,291,41,298,48
Misc_175.png,304,183,Target,53,9,62,15
newaug_307.png,319,255,Target,102,193,126,207
aug_misc_14.png,157,209,Target,69,63,90,86
newaug_313.png,357,236,Target,128,99,136,105
Misc_161.png,249,154,Target,128,38,132,41
aug_misc_271.png,362,374,Target,330,152,354,176
aug_misc_265.png,310,310,Target,27,138,45,163
aug_misc_259.png,234,320,Target,211,138,230,154
newaug_111.png,274,176,Target,108,38,140,67
aug_misc_305.png,219,276,Target,145,144,166,160
aug_misc_311.png,272,373,Target,31,54,50,72
aug_misc_311.png,272,373,Target,200,115,216,128
aug_misc_339.png,237,237,Target,100,92,114,106
aug_misc_339.png,237,237,Target,120,106,134,122
aug_misc_339.png,237,237,Target,22,162,36,177
Misc_203.png,352,238,Target,139,22,143,25
Misc_217.png,310,207,Target,180,182,188,188
aug_misc_107.png,184,282,Target,107,4,124,21
aug_misc_113.png,231,351,Target,26,269,48,292
aug_misc_113.png,231,351,Target,201,241,225,272
newaug_273.png,273,182,Target,128,61,134,65
Misc_32.png,300,217,Target,174,203,176,205
Misc_26.png,345,261,Target,230,45,237,51
newaug_298.png,251,184,Target,20,173,40,184
newaug_299.png,210,210,Target,58,77,63,83
Misc_27.png,340,250,Target,254,154,259,157
newaug_266.png,252,181,Target,224,1,233,5
Misc_33.png,302,209,Target,48,130,50,132
newaug_272.png,320,240,Target,1,90,13,107
aug_misc_112.png,195,303,Target,51,19,76,42
aug_misc_106.png,232,339,Target,135,289,153,311
Misc_216.png,302,200,Target,125,26,128,31
Misc_202.png,341,210,Target,144,91,148,94
aug_misc_338.png,204,323,Target,35,230,53,247
aug_misc_338.png,204,323,Target,98,265,111,278
aug_misc_338.png,204,323,Target,118,310,130,323
aug_misc_338.png,204,323,Target,148,168,163,183
aug_misc_310.png,205,305,Target,81,148,91,159
aug_misc_304.png,202,286,Target,159,210,177,226
aug_misc_258.png,194,304,Target,101,231,128,263
newaug_110.png,302,274,Target,215,2,231,14
newaug_104.png,311,213,Target,221,80,235,93
aug_misc_264.png,223,344,Target,188,259,201,275
aug_misc_264.png,223,344,Target,113,127,127,140
aug_misc_264.png,223,344,Target,195,138,209,150
aug_misc_264.png,223,344,Target,86,297,98,311
aug_misc_264.png,223,344,Target,200,307,214,323
newaug_138.png,300,192,Target,202,72,218,83
aug_misc_270.png,335,371,Target,217,134,245,160
newaug_312.png,334,225,Target,153,3,160,9
newaug_312.png,334,225,Target,5,209,10,216
aug_misc_15.png,210,316,Target,111,150,143,196
Misc_160.png,297,187,Target,114,48,118,50
Misc_174.png,285,186,Target,85,125,88,127
aug_misc_29.png,190,292,Target,80,164,104,196
aug_misc_5.png,388,418,Target,108,57,146,115
Misc_148.png,286,200,Target,204,156,208,158
aug_misc_7.png,194,296,Target,74,106,90,128
newaug_338.png,323,204,Target,257,55,267,62
Misc_162.png,305,200,Target,147,34,151,37
aug_misc_17.png,185,283,Target,2,117,26,153
newaug_310.png,305,205,Target,253,73,266,83
Misc_176.png,332,221,Target,282,169,287,172
Misc_189.png,316,219,Target,256,113,259,117
aug_misc_266.png,181,252,Target,34,181,46,190
aug_misc_266.png,181,252,Target,37,168,50,185
aug_misc_266.png,181,252,Target,168,231,181,250
aug_misc_272.png,240,320,Target,106,106,137,135
aug_misc_299.png,210,210,Target,70,84,86,96
aug_misc_312.png,225,334,Target,40,76,56,93
aug_misc_312.png,225,334,Target,58,207,69,219
Misc_228.png,304,212,Target,180,96,183,99
aug_misc_306.png,240,320,Target,90,49,117,73
Misc_214.png,300,194,Target,139,72,156,82
Misc_200.png,301,196,Target,139,98,142,99
aug_misc_110.png,274,302,Target,155,91,174,114
Misc_19.png,363,260,Target,178,135,180,140
aug_misc_104.png,213,311,Target,84,95,107,119
Misc_25.png,345,260,Target,78,142,88,149
newaug_264.png,344,223,Target,145,84,151,90
newaug_264.png,344,223,Target,165,210,169,220
Misc_31.png,320,240,Target,240,146,243,148
aug_misc_138.png,192,300,Target,68,153,91,175
Misc_30.png,304,201,Target,133,82,139,87
aug_misc_139.png,249,359,Target,16,339,38,356
newaug_265.png,310,310,Target,48,6,65,13
Misc_24.png,347,261,Target,138,62,158,76
aug_misc_105.png,268,268,Target,230,222,251,245
aug_misc_111.png,176,274,Target,65,56,100,86
Misc_18.png,367,305,Target,158,138,198,151
Misc_18.png,367,305,Target,50,127,66,138
Misc_201.png,332,227,Target,216,173,222,176
Misc_215.png,305,185,Target,197,147,202,150
aug_misc_307.png,255,319,Target,125,108,156,133
Misc_229.png,319,222,Target,140,101,152,105
aug_misc_313.png,236,357,Target,89,160,110,184
aug_misc_298.png,184,251,Target,12,114,31,129
aug_misc_298.png,184,251,Target,156,139,178,156
aug_misc_273.png,182,273,Target,60,127,78,144
aug_misc_267.png,199,296,Target,113,148,126,164
Misc_188.png,290,196,Target,75,33,77,35
newaug_305.png,276,219,Target,177,170,187,176
Misc_177.png,359,246,Target,317,110,322,113
Misc_163.png,283,181,Target,92,21,98,26
aug_misc_16.png,282,332,Target,128,119,159,162
newaug_339.png,237,237,Target,28,105,37,111
newaug_339.png,237,237,Target,50,126,59,131
newaug_339.png,237,237,Target,135,23,143,29
aug_misc_6.png,201,255,Target,9,111,23,132
Misc_146.png,283,232,Target,145,116,153,117
Misc_152.png,302,202,Target,163,116,166,118
aug_misc_27.png,194,284,Target,73,56,91,76
newaug_308.png,297,232,Target,115,91,123,100
Misc_185.png,311,218,Target,266,145,275,154
Misc_185.png,311,218,Target,84,68,93,75
Misc_191.png,311,222,Target,156,130,161,132
newaug_136.png,320,255,Target,140,110,145,116
newaug_122.png,350,226,Target,194,122,200,130
aug_misc_242.png,271,281,Target,199,245,227,268
aug_misc_256.png,199,303,Target,61,159,81,181
aug_misc_256.png,199,303,Target,7,46,28,67
aug_misc_281.png,201,308,Target,35,209,56,235
aug_misc_281.png,201,308,Target,162,188,177,209
aug_misc_281.png,201,308,Target,101,200,113,213
aug_misc_281.png,201,308,Target,99,212,116,224
aug_misc_295.png,227,358,Target,189,79,211,92
Misc_230.png,284,190,Target,58,73,62,78
Misc_2.png,348,270,Target,226,124,259,149
Misc_224.png,264,182,Target,204,60,208,65
aug_misc_336.png,185,299,Target,159,124,170,140
aug_misc_336.png,185,299,Target,167,117,180,136
aug_misc_322.png,320,344,Target,70,212,97,233
Misc_218.png,304,187,Target,176,169,184,174
aug_misc_108.png,194,301,Target,59,8,83,32
Misc_15.png,436,348,Target,310,109,318,119
Misc_15.png,436,348,Target,285,180,294,190
newaug_254.png,368,267,Target,225,84,231,90
aug_misc_134.png,178,275,Target,20,232,37,252
aug_misc_134.png,178,275,Target,152,186,168,205
aug_misc_120.png,181,288,Target,65,263,85,281
Misc_29.png,352,240,Target,103,87,120,103
Misc_29.png,352,240,Target,132,105,152,119
Misc_29.png,352,240,Target,129,90,148,105
Misc_29.png,352,240,Target,163,104,178,117
newaug_297.png,284,215,Target,278,182,284,189
aug_misc_121.png,204,312,Target,7,8,31,32
aug_misc_121.png,204,312,Target,40,258,67,282
Misc_28.png,300,256,Target,86,120,111,128
Misc_28.png,300,256,Target,119,122,145,131
aug_misc_135.png,150,200,Target,71,100,87,116
newaug_255.png,287,192,Target,52,111,57,117
Misc_14.png,250,250,Target,218,151,220,154
newaug_241.png,402,284,Target,376,202,398,216
aug_misc_109.png,240,319,Target,79,202,106,231
Misc_219.png,303,196,Target,155,136,163,140
aug_misc_323.png,357,341,Target,125,13,145,31
aug_misc_337.png,215,308,Target,3,15,19,34
Misc_3.png,323,324,Target,195,135,208,150
Misc_225.png,307,204,Target,190,114,192,117
Misc_231.png,304,194,Target,135,138,137,142
aug_misc_294.png,182,321,Target,120,149,147,173
aug_misc_294.png,182,321,Target,10,185,30,200
aug_misc_280.png,278,348,Target,126,140,157,214
aug_misc_257.png,206,315,Target,5,55,19,69
aug_misc_243.png,177,270,Target,149,229,168,251
newaug_123.png,280,280,Target,225,206,235,216
newaug_137.png,245,245,Target,144,232,163,244
Misc_190.png,304,210,Target,187,132,190,135
Misc_184.png,285,194,Target,192,142,198,146
newaug_309.png,360,273,Target,296,256,302,266
Misc_153.png,291,187,Target,157,154,163,160
newaug_321.png,308,193,Target,36,45,43,50
aug_misc_26.png,200,303,Target,46,21,62,39
aug_misc_32.png,198,303,Target,68,157,90,185
newaug_335.png,301,197,Target,239,20,249,27
Misc_147.png,298,186,Target,220,133,224,137
aug_misc_24.png,226,324,Target,42,265,63,284
aug_misc_24.png,226,324,Target,129,85,149,109
aug_misc_24.png,226,324,Target,42,247,69,264
aug_misc_8.png,235,328,Target,90,129,115,166
Misc_151.png,286,175,Target,77,79,81,82
Misc_145.png,286,186,Target,209,116,212,118
Misc_145.png,286,186,Target,197,115,202,121
newaug_337.png,308,215,Target,86,192,120,215
aug_misc_30.png,213,305,Target,53,153,66,167
aug_misc_18.png,196,304,Target,117,146,139,174
Misc_179.png,270,177,Target,237,157,240,162
Misc_192.png,286,199,Target,144,140,148,143
Misc_186.png,329,232,Target,280,7,286,9
aug_misc_269.png,247,294,Target,149,274,168,291
aug_misc_255.png,192,287,Target,122,106,139,121
newaug_109.png,319,240,Target,285,94,304,102
aug_misc_241.png,284,402,Target,214,245,249,273
aug_misc_296.png,212,307,Target,179,5,196,20
aug_misc_296.png,212,307,Target,190,60,210,78
aug_misc_282.png,240,320,Target,100,105,129,136
Misc_227.png,280,187,Target,115,69,117,72
Misc_1.png,320,240,Target,63,65,79,83
Misc_1.png,320,240,Target,213,127,228,142
aug_misc_309.png,273,360,Target,243,244,258,254
Misc_233.png,271,180,Target,140,90,146,92
aug_misc_321.png,193,308,Target,47,62,62,78
aug_misc_335.png,197,301,Target,8,152,25,168
Misc_16.png,284,208,Target,206,132,208,136
aug_misc_123.png,280,280,Target,190,152,212,173
aug_misc_137.png,245,245,Target,129,115,148,134
newaug_294.png,321,182,Target,101,127,114,134
newaug_294.png,321,182,Target,144,5,153,11
newaug_280.png,348,278,Target,183,109,244,126
newaug_281.png,308,201,Target,147,82,157,93
newaug_281.png,308,201,Target,162,83,170,94
aug_misc_136.png,255,320,Target,124,118,139,134
aug_misc_122.png,226,350,Target,112,147,135,170
Misc_17.png,368,267,Target,187,133,189,134
newaug_256.png,303,199,Target,66,10,73,15
newaug_256.png,303,199,Target,208,66,213,71
aug_misc_334.png,235,269,Target,183,55,208,85
aug_misc_320.png,188,286,Target,30,22,43,31
aug_misc_320.png,188,286,Target,30,6,44,20
Misc_232.png,264,168,Target,115,71,121,79
aug_misc_308.png,232,297,Target,106,204,133,236
Misc_226.png,304,184,Target,153,66,159,75
aug_misc_283.png,250,250,Target,225,145,237,159
aug_misc_297.png,215,284,Target,162,229,176,245
aug_misc_240.png,324,324,Target,297,219,319,243
aug_misc_254.png,267,368,Target,125,181,143,198
aug_misc_268.png,356,356,Target,77,329,109,354
newaug_120.png,288,181,Target,264,104,273,112
Misc_187.png,303,199,Target,165,66,173,73
Misc_187.png,303,199,Target,52,13,60,19
Misc_193.png,287,192,Target,112,128,113,131
Misc_178.png,320,234,Target,145,220,148,222
aug_misc_19.png,159,241,Target,68,164,96,192
Misc_144.png,304,194,Target,242,109,253,122
aug_misc_31.png,96,135,Target,62,52,74,67
aug_misc_25.png,228,307,Target,135,148,150,169
aug_misc_9.png,294,333,Target,153,17,178,47
Misc_150.png,315,206,Target,63,12,65,15
Misc_168.png,254,164,Target,25,82,30,84
Misc_154.png,273,182,Target,134,69,137,72
aug_misc_21.png,220,325,Target,102,130,126,168
newaug_332.png,273,177,Target,196,149,224,160
aug_misc_35.png,162,254,Target,144,114,161,135
Misc_140.png,320,240,Target,120,118,127,127
Misc_197.png,307,203,Target,96,91,99,97
Misc_183.png,275,195,Target,185,160,188,164
aug_misc_250.png,240,320,Target,125,211,142,229
aug_misc_250.png,240,320,Target,65,62,84,79
aug_misc_244.png,186,286,Target,111,205,124,219
aug_misc_244.png,186,286,Target,112,189,127,205
newaug_124.png,255,255,Target,5,187,9,192
aug_misc_278.png,210,347,Target,92,134,118,154
newaug_130.png,232,220,Target,17,8,24,12
aug_misc_293.png,265,265,Target,148,29,167,50
aug_misc_287.png,178,283,Target,83,214,105,232
aug_misc_324.png,226,226,Target,81,8,99,27
aug_misc_330.png,197,296,Target,13,110,36,133
aug_misc_330.png,197,296,Target,53,262,73,285
Misc_4.png,348,278,Target,149,134,194,150
aug_misc_318.png,201,311,Target,33,92,49,109
Misc_222.png,309,208,Target,141,74,148,83
Misc_236.png,347,210,Target,143,103,145,106
aug_misc_126.png,332,332,Target,21,99,45,128
aug_misc_132.png,193,307,Target,59,207,77,229
newaug_252.png,304,184,Target,93,38,104,53
Misc_13.png,249,249,Target,67,142,69,144
newaug_291.png,360,253,Target,241,115,253,128
newaug_290.png,307,213,Target,1,75,2,90
newaug_247.png,286,199,Target,126,148,133,152
Misc_12.png,318,239,Target,73,42,77,46
newaug_253.png,264,168,Target,1,38,21,66
aug_misc_133.png,168,280,Target,26,123,44,142
aug_misc_127.png,259,259,Target,6,106,24,127
Misc_237.png,250,250,Target,150,230,154,232
Misc_5.png,320,240,Target,110,107,128,124
Misc_223.png,308,201,Target,218,44,223,49
Misc_223.png,308,201,Target,195,165,201,173
Misc_223.png,308,201,Target,208,101,213,111
Misc_223.png,308,201,Target,213,104,219,110
aug_misc_319.png,199,307,Target,66,76,83,96
aug_misc_331.png,204,292,Target,36,139,57,177
aug_misc_325.png,202,318,Target,96,115,118,137
aug_misc_286.png,185,287,Target,114,114,141,136
aug_misc_292.png,234,315,Target,25,22,47,44
aug_misc_279.png,208,309,Target,66,133,79,152
aug_misc_279.png,208,309,Target,78,139,89,153
aug_misc_245.png,175,286,Target,72,70,88,87
aug_misc_251.png,187,280,Target,61,108,80,124
Misc_182.png,287,185,Target,123,126,127,129
Misc_196.png,299,184,Target,11,40,14,42
aug_misc_34.png,206,286,Target,28,226,45,243
Misc_141.png,233,161,Target,42,26,45,29
Misc_155.png,307,205,Target,140,57,143,59
newaug_327.png,304,209,Target,169,27,179,37
aug_misc_20.png,215,329,Target,144,266,175,295
aug_misc_20.png,215,329,Target,125,113,154,137
Misc_169.png,283,178,Target,220,92,225,94
Misc_143.png,303,205,Target,173,25,176,29
newaug_331.png,292,204,Target,126,24,172,41
aug_misc_36.png,169,251,Target,18,149,36,168
aug_misc_22.png,200,256,Target,138,139,151,157
newaug_325.png,318,202,Target,221,160,231,172
Misc_157.png,316,196,Target,129,35,134,39
Misc_180.png,276,219,Target,149,153,153,156
Misc_194.png,286,202,Target,215,165,219,169
aug_misc_247.png,199,286,Target,133,138,152,158
aug_misc_253.png,168,264,Target,62,107,91,130
newaug_133.png,280,168,Target,236,94,249,104
aug_misc_284.png,239,318,Target,32,65,53,84
aug_misc_290.png,213,307,Target,46,43,70,66
aug_misc_333.png,240,324,Target,201,79,218,102
Misc_209.png,373,272,Target,63,39,68,43
Misc_209.png,373,272,Target,118,203,124,213
aug_misc_327.png,209,304,Target,63,144,85,167
Misc_235.png,305,205,Target,153,86,155,89
Misc_221.png,360,273,Target,247,248,249,251
Misc_7.png,297,232,Target,204,115,228,130
aug_misc_131.png,217,298,Target,112,254,133,279
newaug_279.png,309,208,Target,87,44,100,51
newaug_279.png,309,208,Target,92,57,103,61
Misc_38.png,319,255,Target,113,140,125,144
aug_misc_125.png,164,255,Target,1,172,14,199
newaug_245.png,286,175,Target,90,69,100,76
Misc_10.png,320,240,Target,53,97,68,109
newaug_251.png,280,187,Target,78,68,83,73
aug_misc_119.png,213,301,Target,79,71,101,93
newaug_292.png,315,234,Target,53,37,60,42
newaug_292.png,315,234,Target,176,164,183,172
newaug_287.png,283,178,Target,232,87,243,92
newaug_250.png,320,240,Target,239,174,247,180
newaug_250.png,320,240,Target,1,94,4,99
Misc_11.png,280,280,Target,135,142,154,154
aug_misc_118.png,255,320,Target,85,143,98,157
aug_misc_124.png,255,255,Target,154,95,166,108
aug_misc_130.png,220,232,Target,9,64,26,84
Misc_39.png,256,171,Target,102,87,108,90
Misc_220.png,298,215,Target,123,202,125,207
Misc_6.png,293,229,Target,104,122,117,131
Misc_234.png,357,236,Target,169,97,175,102
aug_misc_326.png,186,270,Target,125,242,151,266
aug_misc_326.png,186,270,Target,134,57,154,78
aug_misc_326.png,186,270,Target,127,108,146,126
Misc_208.png,334,225,Target,84,46,88,50
Misc_208.png,334,225,Target,210,61,218,69
Misc_208.png,334,225,Target,117,208,124,215
aug_misc_332.png,177,273,Target,69,115,84,134
aug_misc_291.png,253,360,Target,102,236,134,261
aug_misc_285.png,184,299,Target,32,3,50,22
newaug_126.png,332,332,Target,101,1,116,14
newaug_132.png,307,193,Target,237,68,244,74
aug_misc_252.png,184,304,Target,56,146,85,169
aug_misc_246.png,232,329,Target,1,271,15,296
Misc_195.png,307,199,Target,84,74,89,77
Misc_181.png,311,201,Target,99,40,102,43
aug_misc_23.png,192,277,Target,150,31,167,56
Misc_156.png,308,193,Target,68,54,73,58
Misc_142.png,286,188,Target,14,34,28,37
aug_misc_37.png,209,318,Target,99,177,119,203
newaug_318.png,311,201,Target,30,28,37,32
Misc_125.png,273,177,Target,121,76,130,80
newaug_357.png,254,206,Target,82,78,92,83
newaug_425.png,331,218,Target,22,75,28,79
Misc_131.png,292,204,Target,144,43,170,52
Misc_119.png,296,197,Target,119,22,125,26
Misc_119.png,296,197,Target,269,59,274,63
newaug_394.png,298,197,Target,8,130,26,150
newaug_394.png,298,197,Target,44,125,58,141
aug_misc_93.png,212,304,Target,46,80,75,115
aug_misc_87.png,171,253,Target,90,49,101,61
aug_misc_87.png,171,253,Target,83,156,94,170
aug_misc_87.png,171,253,Target,38,238,50,250
aug_misc_209.png,295,329,Target,20,11,50,37
aug_misc_221.png,194,304,Target,132,128,150,142
aug_misc_235.png,205,305,Target,81,9,103,33
newaug_196.png,304,201,Target,169,77,178,84
aug_misc_369.png,180,280,Target,101,177,124,204
Misc_253.png,308,215,Target,22,10,27,13
Misc_247.png,299,185,Target,126,164,134,175
aug_misc_355.png,200,300,Target,173,219,185,235
aug_misc_341.png,213,311,Target,32,281,42,291
aug_misc_341.png,213,311,Target,123,224,135,238
aug_misc_427.png,181,273,Target,90,115,104,127
Misc_284.png,323,204,Target,236,39,242,46
Misc_284.png,323,204,Target,269,101,275,107
Misc_284.png,323,204,Target,315,121,319,126
aug_misc_396.png,272,305,Target,9,234,29,261
aug_misc_382.png,278,456,Target,1,391,28,455
newaug_223.png,323,324,Target,243,209,257,221
Misc_62.png,269,235,Target,60,192,78,200
Misc_76.png,324,240,Target,91,207,93,212
aug_misc_157.png,271,256,Target,136,222,151,238
aug_misc_143.png,255,320,Target,213,208,225,223
aug_misc_194.png,305,367,Target,132,154,157,210
aug_misc_194.png,305,367,Target,125,46,141,77
Misc_89.png,301,197,Target,156,16,161,19
aug_misc_180.png,222,222,Target,26,161,45,177
Misc_88.png,327,213,Target,120,96,135,105
aug_misc_181.png,319,375,Target,172,21,197,48
aug_misc_195.png,261,347,Target,49,128,86,172
aug_misc_142.png,200,256,Target,131,152,146,170
aug_misc_156.png,187,327,Target,148,228,178,263
Misc_77.png,275,186,Target,189,113,200,121
Misc_63.png,291,206,Target,74,101,92,107
aug_misc_383.png,213,307,Target,171,116,190,148
aug_misc_397.png,256,320,Target,190,111,214,144
Misc_285.png,311,213,Target,286,36,289,40
Misc_285.png,311,213,Target,229,126,233,132
aug_misc_340.png,219,323,Target,31,42,53,66
aug_misc_340.png,219,323,Target,12,7,32,28
aug_misc_426.png,186,285,Target,75,202,93,217
aug_misc_354.png,258,339,Target,6,303,26,321
Misc_246.png,328,250,Target,258,98,262,107
Misc_252.png,302,210,Target,263,116,269,118
aug_misc_368.png,216,307,Target,53,148,88,194
aug_misc_234.png,265,352,Target,77,232,109,258
aug_misc_220.png,190,284,Target,66,51,83,70
aug_misc_208.png,228,342,Target,79,106,106,133
newaug_140.png,344,223,Target,284,44,289,49
newaug_140.png,344,223,Target,325,215,330,219
aug_misc_86.png,169,251,Target,75,115,86,130
aug_misc_92.png,202,303,Target,112,103,134,141
newaug_395.png,330,204,Target,196,106,204,111
aug_misc_79.png,186,298,Target,66,131,90,153
newaug_418.png,270,200,Target,206,37,219,47
Misc_118.png,321,182,Target,142,10,150,15
newaug_342.png,302,210,Target,246,104,258,108
Misc_130.png,311,202,Target,133,82,145,86
newaug_424.png,303,199,Target,127,58,139,69
newaug_424.png,303,199,Target,171,80,184,91
newaug_424.png,303,199,Target,194,126,209,136
newaug_424.png,303,199,Target,220,104,233,115
newaug_424.png,303,199,Target,247,142,261,150
newaug_424.png,303,199,Target,280,187,295,195
Misc_124.png,378,239,Target,216,28,222,33
Misc_132.png,328,220,Target,279,169,284,174
Misc_132.png,328,220,Target,278,181,286,189
Misc_126.png,300,200,Target,224,178,228,180
newaug_368.png,307,216,Target,200,1,240,25
aug_misc_84.png,197,269,Target,110,159,132,183
newaug_397.png,320,256,Target,93,219,107,226
aug_misc_90.png,241,352,Target,125,202,137,217
aug_misc_90.png,241,352,Target,134,189,153,204
aug_misc_90.png,241,352,Target,143,200,161,219
aug_misc_236.png,211,306,Target,175,44,194,70
aug_misc_236.png,211,306,Target,188,33,206,54
aug_misc_236.png,211,306,Target,195,52,210,73
aug_misc_222.png,204,307,Target,105,182,126,202
newaug_181.png,375,319,Target,37,233,47,242
newaug_195.png,347,261,Target,114,27,149,46
aug_misc_418.png,200,270,Target,28,205,58,236
newaug_76.png,374,258,Target,32,21,37,27
newaug_76.png,374,258,Target,42,22,46,28
Misc_244.png,341,232,Target,76,39,86,47
Misc_250.png,262,179,Target,182,97,189,105
Misc_250.png,262,179,Target,140,76,147,83
Misc_250.png,262,179,Target,68,10,76,16
Misc_250.png,262,179,Target,86,89,94,95
Misc_250.png,262,179,Target,73,150,81,158
Misc_250.png,262,179,Target,2,82,9,89
aug_misc_424.png,199,303,Target,19,119,33,132
aug_misc_424.png,199,303,Target,30,136,41,146
aug_misc_424.png,199,303,Target,71,168,85,181
aug_misc_424.png,199,303,Target,50,158,65,171
aug_misc_424.png,199,303,Target,47,141,61,153
aug_misc_424.png,199,303,Target,38,149,51,163
aug_misc_342.png,210,302,Target,111,260,125,274
Misc_278.png,308,213,Target,255,81,258,83
aug_misc_356.png,220,328,Target,164,274,175,289
aug_misc_356.png,220,328,Target,177,273,192,291
Misc_287.png,320,240,Target,102,12,104,16
newaug_89.png,320,240,Target,142,1,152,7
aug_misc_381.png,246,379,Target,64,38,79,57
aug_misc_395.png,204,330,Target,121,190,134,206
Misc_75.png,308,217,Target,121,106,143,121
newaug_234.png,352,265,Target,190,85,203,96
Misc_61.png,371,292,Target,209,132,218,139
newaug_220.png,284,190,Target,57,54,64,61
aug_misc_168.png,250,340,Target,143,246,170,268
aug_misc_140.png,223,344,Target,41,256,60,278
Misc_49.png,254,206,Target,61,94,66,96
aug_misc_154.png,305,306,Target,227,270,252,292
aug_misc_183.png,200,305,Target,25,138,44,160
aug_misc_197.png,196,290,Target,26,67,40,80
aug_misc_196.png,201,304,Target,73,125,94,150
aug_misc_182.png,221,332,Target,159,274,183,297
aug_misc_155.png,200,224,Target,18,58,34,74
aug_misc_141.png,279,300,Target,2,16,25,44
Misc_48.png,313,261,Target,181,126,195,131
newaug_221.png,304,194,Target,31,162,40,170
Misc_60.png,274,240,Target,197,105,219,115
aug_misc_169.png,200,286,Target,146,196,168,217
Misc_74.png,329,236,Target,136,72,148,83
aug_misc_394.png,197,298,Target,71,78,90,95
aug_misc_394.png,197,298,Target,71,59,97,80
aug_misc_380.png,187,281,Target,116,100,133,121
newaug_88.png,320,240,Target,271,16,284,27
Misc_286.png,237,237,Target,105,200,108,202
aug_misc_357.png,206,254,Target,88,56,100,71
aug_misc_425.png,218,331,Target,65,24,81,41
Misc_279.png,280,180,Target,185,109,194,116
aug_misc_343.png,250,328,Target,93,254,111,269
Misc_251.png,307,216,Target,162,66,181,80
aug_misc_419.png,212,340,Target,25,126,52,152
Misc_245.png,329,231,Target,302,34,307,39
newaug_77.png,280,200,Target,197,72,206,81
newaug_77.png,280,200,Target,107,105,111,108
newaug_77.png,280,200,Target,90,91,94,94
newaug_194.png,367,305,Target,180,138,235,154
newaug_194.png,367,305,Target,5,121,13,129
newaug_180.png,222,222,Target,152,9,158,16
aug_misc_223.png,324,323,Target,130,188,158,217
aug_misc_237.png,242,277,Target,143,48,156,68
newaug_143.png,320,255,Target,249,229,253,232
aug_misc_91.png,205,301,Target,52,193,68,208
aug_misc_85.png,186,245,Target,20,32,34,49
Misc_127.png,332,226,Target,82,30,88,32
Misc_133.png,362,209,Target,106,113,115,116
newaug_345.png,291,206,Target,86,97,109,107
Misc_137.png,456,278,Target,407,7,440,18
Misc_123.png,379,246,Target,43,71,48,73
aug_misc_81.png,211,337,Target,97,104,121,129
newaug_386.png,284,183,Target,117,143,126,158
newaug_392.png,320,240,Target,135,85,140,90
aug_misc_95.png,290,390,Target,116,155,135,175
aug_misc_95.png,290,390,Target,90,106,110,126
aug_misc_233.png,182,280,Target,1,216,17,243
aug_misc_227.png,194,285,Target,136,187,153,207
newaug_147.png,299,177,Target,127,40,136,45
aug_misc_347.png,239,378,Target,22,210,37,230
aug_misc_421.png,256,320,Target,33,130,55,152
aug_misc_353.png,178,278,Target,13,11,27,25
Misc_269.png,314,200,Target,134,65,139,69
newaug_73.png,364,230,Target,218,28,261,57
Misc_241.png,304,214,Target,64,88,77,100
newaug_67.png,313,222,Target,287,15,313,35
Misc_255.png,284,183,Target,139,139,143,151
aug_misc_384.png,251,338,Target,97,154,117,174
newaug_98.png,283,182,Target,270,166,283,172
aug_misc_390.png,236,330,Target,221,27,236,42
aug_misc_390.png,236,330,Target,79,280,95,298
Misc_282.png,330,236,Target,287,85,292,91
Misc_282.png,330,236,Target,31,224,38,231
aug_misc_145.png,213,313,Target,187,65,204,82
aug_misc_151.png,274,274,Target,139,32,154,48
newaug_219.png,348,270,Target,226,84,275,105
Misc_58.png,330,252,Target,48,14,63,18
Misc_70.png,338,251,Target,161,107,166,112
newaug_231.png,300,299,Target,290,206,300,217
aug_misc_179.png,327,327,Target,1,24,29,53
Misc_64.png,307,213,Target,127,177,139,184
aug_misc_186.png,260,345,Target,131,72,160,99
aug_misc_192.png,185,305,Target,140,189,162,215
aug_misc_193.png,227,332,Target,167,211,180,228
aug_misc_187.png,260,363,Target,126,167,154,193
newaug_224.png,303,196,Target,47,79,87,98
Misc_65.png,396,271,Target,151,247,184,258
newaug_230.png,291,187,Target,200,179,214,187
Misc_71.png,320,256,Target,128,201,135,205
aug_misc_178.png,253,240,Target,134,169,158,188
aug_misc_150.png,205,206,Target,92,84,110,104
Misc_59.png,305,272,Target,240,19,251,23
aug_misc_144.png,239,256,Target,128,11,145,27
Misc_283.png,298,202,Target,180,68,181,71
aug_misc_391.png,202,298,Target,59,173,79,188
aug_misc_385.png,252,330,Target,8,41,21,71
aug_misc_408.png,224,315,Target,185,252,205,274
Misc_254.png,330,204,Target,196,127,199,128
Misc_240.png,298,197,Target,68,78,89,89
newaug_72.png,275,164,Target,162,50,172,57
Misc_268.png,315,210,Target,138,102,143,106
aug_misc_352.png,200,291,Target,47,19,62,38
aug_misc_352.png,200,291,Target,46,152,68,176
aug_misc_352.png,200,291,Target,162,213,182,237
aug_misc_346.png,186,275,Target,104,184,130,208
aug_misc_420.png,221,334,Target,57,42,80,67
aug_misc_420.png,221,334,Target,166,207,193,234
newaug_191.png,319,222,Target,44,38,75,50
newaug_152.png,332,223,Target,82,40,89,46
newaug_152.png,332,223,Target,45,14,53,18
aug_misc_226.png,256,300,Target,119,118,134,152
aug_misc_226.png,256,300,Target,116,81,136,115
aug_misc_232.png,300,331,Target,132,155,164,193
aug_misc_94.png,215,282,Target,83,133,96,150
newaug_393.png,315,210,Target,47,99,53,105
newaug_393.png,315,210,Target,108,186,112,191
aug_misc_80.png,282,298,Target,156,154,170,170
Misc_122.png,300,180,Target,9,41,12,43
newaug_344.png,327,213,Target,197,76,230,90
Misc_136.png,295,193,Target,188,17,194,21
Misc_108.png,315,224,Target,260,195,266,198
Misc_120.png,300,209,Target,250,177,251,178
Misc_134.png,333,204,Target,16,130,33,139
newaug_346.png,275,186,Target,179,133,199,148
newaug_391.png,298,202,Target,213,52,218,58
aug_misc_96.png,229,318,Target,12,33,25,52
aug_misc_82.png,210,301,Target,187,148,197,162
aug_misc_224.png,196,303,Target,127,148,153,171
newaug_178.png,240,253,Target,222,150,228,160
aug_misc_230.png,187,291,Target,146,147,167,174
aug_misc_218.png,182,264,Target,54,196,72,217
newaug_150.png,206,205,Target,50,116,71,133
newaug_193.png,332,227,Target,105,153,120,161
newaug_187.png,363,260,Target,112,124,118,132
aug_misc_350.png,264,311,Target,58,231,75,246
aug_misc_350.png,264,311,Target,6,123,21,139
aug_misc_422.png,238,324,Target,59,142,82,165
aug_misc_344.png,213,327,Target,90,115,111,142
Misc_256.png,377,261,Target,19,113,21,116
newaug_64.png,299,235,Target,214,63,225,74
newaug_64.png,299,235,Target,161,82,170,87
newaug_64.png,299,235,Target,166,90,176,96
aug_misc_378.png,192,253,Target,47,152,75,171
Misc_242.png,338,222,Target,181,144,185,148
newaug_70.png,319,192,Target,28,61,37,71
aug_misc_393.png,210,315,Target,94,131,113,150
aug_misc_387.png,214,304,Target,76,51,111,89
Misc_281.png,273,152,Target,254,139,259,142
aug_misc_152.png,223,332,Target,7,32,25,49
aug_misc_152.png,223,332,Target,34,60,50,79
aug_misc_146.png,213,300,Target,181,153,202,174
newaug_226.png,300,256,Target,138,105,186,117
newaug_226.png,300,256,Target,212,109,265,122
Misc_67.png,320,256,Target,29,95,32,98
newaug_232.png,331,300,Target,221,200,258,236
Misc_73.png,331,265,Target,57,64,64,71
Misc_73.png,331,265,Target,23,66,31,72
Misc_98.png,343,263,Target,324,214,328,219
aug_misc_191.png,222,319,Target,91,131,114,162
aug_misc_185.png,240,320,Target,137,232,160,252
aug_misc_184.png,219,316,Target,102,247,128,269
Misc_99.png,334,221,Target,49,65,59,73
Misc_99.png,334,221,Target,214,173,227,183
aug_misc_190.png,212,304,Target,85,173,107,194
Misc_72.png,324,238,Target,150,70,155,74
Misc_66.png,320,256,Target,139,42,144,44
aug_misc_147.png,177,299,Target,46,146,67,162
aug_misc_153.png,194,213,Target,23,8,41,23
Misc_280.png,323,219,Target,39,56,46,61
Misc_280.png,323,219,Target,6,210,14,216
aug_misc_386.png,183,284,Target,130,129,161,153
aug_misc_392.png,240,320,Target,83,125,99,144
newaug_71.png,311,197,Target,77,83,90,102
Misc_243.png,340,212,Target,133,34,144,42
aug_misc_379.png,247,294,Target,98,139,115,153
newaug_65.png,303,183,Target,277,8,299,24
Misc_257.png,270,200,Target,215,39,225,47
aug_misc_423.png,239,378,Target,206,200,228,223
aug_misc_345.png,206,291,Target,92,68,113,96
aug_misc_351.png,201,261,Target,138,4,149,17
aug_misc_351.png,201,261,Target,174,120,185,132
newaug_186.png,345,260,Target,87,162,100,169
newaug_145.png,313,213,Target,85,195,90,200
aug_misc_219.png,270,348,Target,118,219,154,265
aug_misc_231.png,299,300,Target,201,257,230,283
aug_misc_225.png,250,250,Target,144,212,162,228
newaug_384.png,338,251,Target,117,111,125,118
aug_misc_83.png,200,289,Target,75,137,88,153
aug_misc_97.png,213,332,Target,105,166,120,185
Misc_135.png,331,218,Target,31,74,35,76
newaug_421.png,320,256,Target,156,24,166,28
aug_misc_40.png,161,252,Target,14,224,29,238
newaug_347.png,378,239,Target,223,25,231,33
Misc_121.png,303,199,Target,139,31,144,38
Misc_121.png,303,199,Target,122,22,130,29
Misc_121.png,303,199,Target,154,42,158,46
Misc_121.png,303,199,Target,146,50,151,55
Misc_121.png,303,199,Target,162,56,168,61
Misc_121.png,303,199,Target,172,74,179,79
Misc_109.png,378,239,Target,209,216,214,218
newaug_409.png,331,265,Target,29,95,39,105
